{"stats":{"minecraft:dropped":{"minecraft:andesite_wall":1,"minecraft:carrot_on_a_stick":1,"minecraft:cyan_terracotta":1,"minecraft:white_wool":1},"minecraft:used":{"minecraft:short_grass":16,"minecraft:moss_block":2,"minecraft:oak_trapdoor":14,"minecraft:oak_fence":19,"minecraft:water_bucket":73,"minecraft:iron_bars":55,"minecraft:pink_glazed_terracotta":1,"minecraft:flint_and_steel":72,"minecraft:smooth_quartz_slab":54,"minecraft:spruce_slab":2,"minecraft:elytra":2,"minecraft:carrot_on_a_stick":3060,"minecraft:lime_wool":2,"minecraft:oak_planks":3,"minecraft:spruce_planks":154,"minecraft:polished_tuff_wall":3,"minecraft:redstone_block":1,"minecraft:bell":16,"minecraft:sheep_spawn_egg":43,"minecraft:clay":82,"minecraft:polished_blackstone_wall":1,"minecraft:oak_leaves":283,"minecraft:white_wool":136,"minecraft:dirt":17,"minecraft:orange_carpet":17,"minecraft:rail":8,"minecraft:oak_slab":4,"minecraft:jungle_planks":1,"minecraft:light_blue_wool":33,"minecraft:bamboo_block":3,"minecraft:orange_wool":4,"minecraft:deepslate_tile_slab":431,"minecraft:oak_wood":30,"minecraft:sponge":118,"minecraft:spruce_fence":9,"minecraft:dark_oak_door":5,"minecraft:mushroom_stem":9,"minecraft:birch_door":3,"minecraft:andesite_wall":75,"minecraft:oak_log":1,"minecraft:glass":51,"minecraft:cyan_terracotta":77,"minecraft:black_concrete":2,"minecraft:firework_rocket":111,"minecraft:quartz_slab":44,"minecraft:iron_block":21,"minecraft:grass_block":9,"minecraft:string":9,"minecraft:quartz_block":87,"minecraft:stone_slab":48,"minecraft:gray_concrete_powder":31,"minecraft:smooth_quartz":1,"minecraft:iron_door":14,"minecraft:pink_wool":2,"minecraft:smooth_basalt":1,"minecraft:birch_trapdoor":7,"minecraft:black_stained_glass":84,"minecraft:tall_grass":38,"minecraft:emerald_block":187,"minecraft:iron_trapdoor":27,"minecraft:stripped_oak_wood":1,"minecraft:white_stained_glass_pane":1,"minecraft:podzol":100,"minecraft:white_stained_glass":95,"minecraft:chain":16,"minecraft:glass_pane":33,"minecraft:coarse_dirt":17,"minecraft:brown_mushroom_block":1},"minecraft:picked_up":{"minecraft:iron_door":1,"minecraft:orange_carpet":91,"minecraft:carrot_on_a_stick":2,"minecraft:stripped_spruce_wood":3,"minecraft:chain":1,"minecraft:dirt":1,"minecraft:gray_concrete_powder":1,"minecraft:gray_carpet":7,"minecraft:spruce_planks":16,"minecraft:tall_grass":65,"minecraft:smooth_basalt":1,"minecraft:andesite_wall":1,"minecraft:rotten_flesh":3,"minecraft:cyan_terracotta":12,"minecraft:black_wool":1,"minecraft:mutton":11,"minecraft:white_wool":6,"minecraft:oak_leaves":1,"minecraft:rail":1},"minecraft:custom":{"minecraft:mob_kills":2,"minecraft:bell_ring":60,"minecraft:leave_game":11,"minecraft:time_since_death":15077,"minecraft:time_since_rest":15104,"minecraft:sprint_one_cm":151642,"minecraft:damage_taken":995,"minecraft:walk_one_cm":462689,"minecraft:drop":4,"minecraft:damage_dealt":62,"minecraft:fly_one_cm":14388726,"minecraft:open_chest":1,"minecraft:crouch_one_cm":82216,"minecraft:play_time":477516,"minecraft:deaths":7,"minecraft:sneak_time":9141,"minecraft:aviate_one_cm":162150,"minecraft:jump":959,"minecraft:walk_on_water_one_cm":1086,"minecraft:total_world_time":477516,"minecraft:fall_one_cm":335}},"DataVersion":3953}