{"stats":{"minecraft:dropped":{"minecraft:clay":1,"minecraft:carrot_on_a_stick":54,"minecraft:birch_slab":2,"minecraft:cyan_terracotta":1,"minecraft:gray_wool":2,"minecraft:iron_trapdoor":2,"minecraft:mutton":7,"minecraft:sunflower":2,"minecraft:white_wool":2,"minecraft:light_gray_wool":1,"minecraft:bow":1},"minecraft:used":{"minecraft:waxed_oxidized_copper_door":3,"minecraft:moss_block":6,"minecraft:oak_trapdoor":2,"minecraft:netherite_sword":31,"minecraft:iron_bars":93,"minecraft:chiseled_deepslate":2,"minecraft:smooth_quartz_slab":359,"minecraft:dead_tube_coral_fan":3,"minecraft:spruce_slab":172,"minecraft:carrot_on_a_stick":6092,"minecraft:elytra":1,"minecraft:mangrove_button":5,"minecraft:chest":1,"minecraft:stone":15,"minecraft:brown_concrete":2,"minecraft:stripped_jungle_wood":2,"minecraft:warped_sign":7,"minecraft:polished_blackstone_wall":119,"minecraft:green_terracotta":1,"minecraft:orange_stained_glass":14,"minecraft:dirt":2,"minecraft:skeleton_spawn_egg":2,"minecraft:blue_stained_glass":2,"minecraft:spruce_stairs":4,"minecraft:deepslate_tile_slab":283,"minecraft:orange_wool":456,"minecraft:oak_wood":225,"minecraft:spruce_fence":156,"minecraft:granite":4,"minecraft:warped_pressure_plate":4,"minecraft:light_blue_stained_glass":4,"minecraft:snowball":82,"minecraft:andesite_wall":48,"minecraft:birch_door":2,"minecraft:waxed_oxidized_copper":1,"minecraft:cyan_terracotta":220,"minecraft:bricks":3,"minecraft:light_gray_stained_glass":10,"minecraft:iron_block":5,"minecraft:grass_block":5,"minecraft:spruce_button":10,"minecraft:green_wool":4,"minecraft:packed_mud":1,"minecraft:quartz_block":2,"minecraft:dark_oak_leaves":15,"minecraft:dark_oak_slab":16,"minecraft:gray_concrete_powder":19,"minecraft:smooth_quartz":5,"minecraft:diorite_wall":15,"minecraft:pink_wool":682,"minecraft:blue_banner":10,"minecraft:item_frame":19,"minecraft:smooth_basalt":8,"minecraft:light_gray_wool":7,"minecraft:warped_stairs":1,"minecraft:bow":32,"minecraft:brown_carpet":29,"minecraft:black_stained_glass":6,"minecraft:magenta_wool":59,"minecraft:tall_grass":11,"minecraft:emerald_block":132,"minecraft:iron_trapdoor":137,"minecraft:oxidized_copper":5,"minecraft:minecart":4,"minecraft:gold_block":140,"minecraft:cobbled_deepslate":1,"minecraft:large_fern":14,"minecraft:brown_concrete_powder":2,"minecraft:stripped_spruce_wood":5,"minecraft:mangrove_leaves":1,"minecraft:calcite":9,"minecraft:ink_sac":18,"minecraft:dirt_path":3,"minecraft:gray_carpet":25,"minecraft:dark_oak_sign":44,"minecraft:lime_wool":377,"minecraft:blue_wool":310,"minecraft:redstone_block":2,"minecraft:clay":227,"minecraft:sheep_spawn_egg":32,"minecraft:glow_ink_sac":1,"minecraft:oak_leaves":80,"minecraft:white_wool":94,"minecraft:glow_item_frame":5,"minecraft:stripped_mangrove_wood":1,"minecraft:diamond_block":9,"minecraft:terracotta":22,"minecraft:lime_terracotta":2,"minecraft:rail":4,"minecraft:mangrove_trapdoor":8,"minecraft:loom":5,"minecraft:light_blue_wool":2846,"minecraft:acacia_leaves":1,"minecraft:sponge":11,"minecraft:light_gray_concrete_powder":2,"minecraft:ochre_froglight":9,"minecraft:gray_concrete":5,"minecraft:painting":15,"minecraft:mangrove_sign":12,"minecraft:mushroom_stem":4,"minecraft:dark_oak_door":7,"minecraft:cyan_stained_glass":2,"minecraft:deepslate_tile_wall":26,"minecraft:polished_tuff":1,"minecraft:deepslate_tiles":2,"minecraft:polished_tuff_slab":199,"minecraft:yellow_dye":1,"minecraft:piston":3,"minecraft:ender_eye":12,"minecraft:green_concrete":5,"minecraft:flower_pot":4,"minecraft:black_wool":1,"minecraft:warped_trapdoor":4,"minecraft:firework_rocket":13,"minecraft:mangrove_pressure_plate":5,"minecraft:command_block":20,"minecraft:birch_slab":34,"minecraft:oxidized_copper_trapdoor":11,"minecraft:barrier":10,"minecraft:brown_wool":1,"minecraft:warped_slab":2,"minecraft:stone_button":1,"minecraft:stone_slab":280,"minecraft:spruce_trapdoor":20,"minecraft:iron_door":13,"minecraft:yellow_wool":74,"minecraft:stripped_warped_hyphae":1,"minecraft:dead_horn_coral_fan":2,"minecraft:stripped_oak_wood":4,"minecraft:mud_brick_wall":3,"minecraft:white_banner":6,"minecraft:white_stained_glass":53,"minecraft:andesite":7,"minecraft:chain":8,"minecraft:smooth_stone_slab":132,"minecraft:end_portal_frame":12,"minecraft:polished_blackstone_button":7,"minecraft:white_concrete":2,"minecraft:coarse_dirt":28,"minecraft:warped_button":1,"minecraft:gray_wool":50,"minecraft:brown_mushroom_block":2,"minecraft:smooth_stone":9},"minecraft:picked_up":{"minecraft:iron_trapdoor":2,"minecraft:lead":2,"minecraft:item_frame":2,"minecraft:spruce_planks":7,"minecraft:spruce_slab":2,"minecraft:poppy":1,"minecraft:light_gray_wool":2,"minecraft:stick":1,"minecraft:glow_item_frame":4,"minecraft:brown_carpet":6,"minecraft:cyan_terracotta":7,"minecraft:mutton":44,"minecraft:white_wool":26,"minecraft:birch_slab":2,"minecraft:brown_wool":1,"minecraft:leather":1,"minecraft:carrot_on_a_stick":67,"minecraft:stripped_spruce_wood":4,"minecraft:dirt":3,"minecraft:bow":1,"minecraft:bell":1,"minecraft:iron_ingot":8,"minecraft:dark_oak_sign":3,"minecraft:oak_wood":3,"minecraft:polished_blackstone_button":1,"minecraft:gray_wool":2,"minecraft:spruce_button":6,"minecraft:oak_sapling":3,"minecraft:black_wool":1,"minecraft:mangrove_button":5,"minecraft:sunflower":2},"minecraft:custom":{"minecraft:mob_kills":3,"minecraft:leave_game":21,"minecraft:time_since_death":50432,"minecraft:sprint_one_cm":505028,"minecraft:walk_one_cm":937608,"minecraft:drop":74,"minecraft:play_time":1713104,"minecraft:deaths":8,"minecraft:sneak_time":31532,"minecraft:walk_under_water_one_cm":1054,"minecraft:jump":3592,"minecraft:walk_on_water_one_cm":365,"minecraft:total_world_time":1840601,"minecraft:interact_with_loom":2,"minecraft:time_since_rest":50459,"minecraft:damage_taken":22980,"minecraft:damage_dealt":1580,"minecraft:fly_one_cm":40016626,"minecraft:open_chest":4,"minecraft:crouch_one_cm":2354,"minecraft:aviate_one_cm":431296,"minecraft:fall_one_cm":3256},"minecraft:killed":{"minecraft:iron_golem":1}},"DataVersion":3953}